{
  "epoch": 4.0,
  "step": 2184,
  "auc": 0.9638282025819265,
  "f1": 0.8225108225108225,
  "accuracy": 0.9156378600823045,
  "sens": 0.8962264150943396,
  "spec": 0.9210526315789473,
  "val_loss": 0.29847341775894165,
  "train_loss": 0.14179753065109252,
  "es_wait": 0,
  "cn_token_id": 9353,
  "ad_token_id": 2466
}