cohort,n,n_cn,n_ad,threshold,accuracy,auc,f1,sensitivity,specificity
GLOBAL,1213,950,263,0.6791786991753929,0.7535037098103875,0.8656093656193716,0.5975773889636609,0.844106463878327,0.728421052631579
ADNI,196,97,99,0.6791786991753929,0.75,0.8418723315630532,0.7914893617021277,0.9393939393939394,0.5567010309278351
NACC,798,698,100,0.6791786991753929,0.7531328320802005,0.8273209169054441,0.4322766570605187,0.75,0.7535816618911175
OASIS,219,155,64,0.6791786991753929,0.7579908675799086,0.8689516129032259,0.6708074534161491,0.84375,0.7225806451612903
