cohort,n,n_cn,n_ad,threshold,accuracy,auc,f1,sensitivity,specificity
GLOBAL,1213,950,263,0.7549149868676283,0.7403132728771641,0.860102061236742,0.5702592087312415,0.7946768060836502,0.7252631578947368
ADNI,196,97,99,0.7549149868676283,0.7142857142857143,0.8485889826096011,0.7543859649122807,0.8686868686868687,0.5567010309278351
NACC,798,698,100,0.7549149868676283,0.7456140350877193,0.8252936962750718,0.414985590778098,0.72,0.7492836676217765
OASIS,219,155,64,0.7549149868676283,0.7442922374429224,0.8682963709677419,0.6455696202531646,0.796875,0.7225806451612903
