cohort,n,n_cn,n_ad,threshold,accuracy,auc,f1,sensitivity,specificity,mmse_mae_real,mmse_rmse_real,mmse_cc_real,mmse_r2_real,mmse_n_real
GLOBAL,1213,950,263,0.7772998611746911,0.79719703215169,0.8511907144286571,0.6095238095238096,0.7300380228136882,0.8157894736842105,3.471993329877756,3.941801494076661,0.44521709052765845,-0.14032634875091543,196
ADNI,196,97,99,0.7772998611746911,0.7346938775510204,0.8374986983234406,0.7475728155339806,0.7777777777777778,0.6907216494845361,3.471993329877756,3.941801494076661,0.44521709052765845,-0.14032634875091543,196
NACC,798,698,100,0.7772998611746911,0.8032581453634086,0.8127650429799426,0.45674740484429066,0.66,0.8237822349570201,,,,,0
OASIS,219,155,64,0.7772998611746911,0.8310502283105022,0.8733870967741936,0.725925925925926,0.765625,0.8580645161290322,,,,,0
