{
  "accuracy": 0.22341302555647155,
  "f1": 0.35743519781718963,
  "sensitivity": 0.9961977186311787,
  "specificity": 0.009473684210526316,
  "auc": 0.8511907144286571,
  "optimal_threshold": 0.7772998611746912,
  "f1_calibrated": 0.6312292358803987,
  "sensitivity_calibrated": 0.7224334600760456,
  "specificity_calibrated": 0.8431578947368421,
  "mae": 2.324450315420822,
  "rmse": 2.5645303074335764,
  "r2": NaN,
  "cc": NaN,
  "mae_real": 3.471993329877756,
  "rmse_real": 3.941801494076661,
  "r2_real": -0.14032634875091543,
  "cc_real": 0.44521709052765845,
  "n_real": 196,
  "threshold_val_optimal": 0.7772998611746911,
  "accuracy_val_thr": 0.79719703215169,
  "f1_val_thr": 0.6095238095238096,
  "sensitivity_val_thr": 0.7300380228136882,
  "specificity_val_thr": 0.8157894736842105,
  "task_name": "02_with_mmse_noTab",
  "checkpoint": "/home/elisa/TFE_final/results/02_with_mmse/best_model",
  "split": "test",
  "fold": 0,
  "n_samples": 1213,
  "has_mmse_head": true
}