{
  "epoch": 3.0,
  "step": 1638,
  "auc": 0.9607373386295929,
  "f1": 0.7436823104693141,
  "accuracy": 0.8539094650205762,
  "sens": 0.9716981132075472,
  "spec": 0.8210526315789474,
  "val_loss": 0.41902774572372437,
  "train_loss": 0.09696968793869018,
  "es_wait": 0,
  "cn_token_id": 9353,
  "ad_token_id": 2466
}